<?xml version="1.0" encoding="UTF-8" ?>
<!-- This is a WordPress eXtended RSS file generated by WordPress as an export of your site. -->
<!-- It contains information about your site's posts, pages, comments, categories, and other content. -->
<!-- You may use this file to transfer that content from one site to another. -->
<!-- This file is not intended to serve as a complete backup of your site. -->

<!-- To import this information into a WordPress site follow these steps: -->
<!-- 1. Log in to that site as an administrator. -->
<!-- 2. Go to Tools: Import in the WordPress admin panel. -->
<!-- 3. Install the "WordPress" importer from the list. -->
<!-- 4. Activate & Run Importer. -->
<!-- 5. Upload this file using the form provided on that page. -->
<!-- 6. You will first be asked to map the authors in this export file to users -->
<!--    on the site. For each author, you may choose to map to an -->
<!--    existing user on the site or to create a new user. -->
<!-- 7. WordPress will then import each of the posts, pages, comments, categories, etc. -->
<!--    contained in this file into your site. -->

<!-- generator="WordPress/4.1.8" created="2015-11-03 12:51" -->
<rss version="2.0"
	xmlns:excerpt="http://wordpress.org/export/1.2/excerpt/"
	xmlns:content="http://purl.org/rss/1.0/modules/content/"
	xmlns:wfw="http://wellformedweb.org/CommentAPI/"
	xmlns:dc="http://purl.org/dc/elements/1.1/"
	xmlns:wp="http://wordpress.org/export/1.2/"
>

<channel>
	<title>Car Wash Booking System</title>
	<link>http://quanticalabs.com/wp_plugins/car-wash-booking-system</link>
	<description></description>
	<pubDate>Tue, 03 Nov 2015 12:51:19 +0000</pubDate>
	<language>en-US</language>
	<wp:wxr_version>1.2</wp:wxr_version>
	<wp:base_site_url>http://quanticalabs.com/wp_plugins/</wp:base_site_url>
	<wp:base_blog_url>http://quanticalabs.com/wp_plugins/car-wash-booking-system</wp:base_blog_url>
	<wp:author><wp:author_id>1</wp:author_id><wp:author_login>admin</wp:author_login><wp:author_email>quanticalabs@gmail.com</wp:author_email><wp:author_display_name><![CDATA[admin]]></wp:author_display_name><wp:author_first_name><![CDATA[]]></wp:author_first_name><wp:author_last_name><![CDATA[]]></wp:author_last_name></wp:author>
	<generator>http://wordpress.org/?v=4.1.8</generator>
	<item>
		<title>Portland</title>
		<link>http://quanticalabs.com/wp_plugins/car-wash-booking-system/?cbs_location=portland</link>
		<pubDate>Wed, 21 Oct 2015 13:45:40 +0000</pubDate>
		<dc:creator><![CDATA[admin]]></dc:creator>
		<guid isPermaLink="false">http://quanticalabs.com/wp_plugins/car-wash-booking-system/?post_type=cbs_location&#038;p=32</guid>
		<description></description>
		<content:encoded><![CDATA[]]></content:encoded>
		<excerpt:encoded><![CDATA[]]></excerpt:encoded>
		<wp:post_id>32</wp:post_id>
		<wp:post_date><![CDATA[2015-10-21 13:45:40]]></wp:post_date>
		<wp:post_date_gmt><![CDATA[2015-10-21 13:45:40]]></wp:post_date_gmt>
		<wp:comment_status><![CDATA[closed]]></wp:comment_status>
		<wp:ping_status><![CDATA[closed]]></wp:ping_status>
		<wp:post_name><![CDATA[portland]]></wp:post_name>
		<wp:status><![CDATA[publish]]></wp:status>
		<wp:post_parent>0</wp:post_parent>
		<wp:menu_order>0</wp:menu_order>
		<wp:post_type><![CDATA[cbs_location]]></wp:post_type>
		<wp:post_password><![CDATA[]]></wp:post_password>
		<wp:is_sticky>0</wp:is_sticky>
		<wp:postmeta>
			<wp:meta_key><![CDATA[_edit_last]]></wp:meta_key>
			<wp:meta_value><![CDATA[1]]></wp:meta_value>
		</wp:postmeta>
		<wp:postmeta>
			<wp:meta_key><![CDATA[cbs_content_type]]></wp:meta_key>
			<wp:meta_value><![CDATA[3]]></wp:meta_value>
		</wp:postmeta>
		<wp:postmeta>
			<wp:meta_key><![CDATA[cbs_currency]]></wp:meta_key>
			<wp:meta_value><![CDATA[USD]]></wp:meta_value>
		</wp:postmeta>
		<wp:postmeta>
			<wp:meta_key><![CDATA[cbs_slot_number]]></wp:meta_key>
			<wp:meta_value><![CDATA[1]]></wp:meta_value>
		</wp:postmeta>
		<wp:postmeta>
			<wp:meta_key><![CDATA[cbs_hour_visible_number]]></wp:meta_key>
			<wp:meta_value><![CDATA[5]]></wp:meta_value>
		</wp:postmeta>
		<wp:postmeta>
			<wp:meta_key><![CDATA[cbs_service_visible_number]]></wp:meta_key>
			<wp:meta_value><![CDATA[5]]></wp:meta_value>
		</wp:postmeta>
		<wp:postmeta>
			<wp:meta_key><![CDATA[cbs_reset_form_enable]]></wp:meta_key>
			<wp:meta_value><![CDATA[1]]></wp:meta_value>
		</wp:postmeta>
		<wp:postmeta>
			<wp:meta_key><![CDATA[cbs_text_1]]></wp:meta_key>
			<wp:meta_value><![CDATA[We will confirm your appointment with you by phone or e-mail within 24 hours of receiving your request.]]></wp:meta_value>
		</wp:postmeta>
		<wp:postmeta>
			<wp:meta_key><![CDATA[cbs_color]]></wp:meta_key>
			<wp:meta_value><![CDATA[a:10:{i:1;N;i:2;N;i:3;N;i:4;N;i:5;N;i:6;N;i:7;N;i:8;N;i:9;N;i:10;N;}]]></wp:meta_value>
		</wp:postmeta>
		<wp:postmeta>
			<wp:meta_key><![CDATA[cbs_business_hour]]></wp:meta_key>
			<wp:meta_value><![CDATA[a:7:{i:1;a:2:{s:5:"start";s:5:"08:00";s:4:"stop";s:5:"18:00";}i:2;a:2:{s:5:"start";s:5:"08:00";s:4:"stop";s:5:"18:00";}i:3;a:2:{s:5:"start";s:5:"08:00";s:4:"stop";s:5:"18:00";}i:4;a:2:{s:5:"start";s:5:"08:00";s:4:"stop";s:5:"18:00";}i:5;a:2:{s:5:"start";s:5:"08:00";s:4:"stop";s:5:"16:00";}i:6;a:2:{s:5:"start";s:5:"09:00";s:4:"stop";s:5:"13:00";}i:7;a:2:{s:5:"start";N;s:4:"stop";N;}}]]></wp:meta_value>
		</wp:postmeta>
		<wp:postmeta>
			<wp:meta_key><![CDATA[cbs_date_exclude]]></wp:meta_key>
			<wp:meta_value><![CDATA[a:0:{}]]></wp:meta_value>
		</wp:postmeta>
		<wp:postmeta>
			<wp:meta_key><![CDATA[cbs_booking_time_format]]></wp:meta_key>
			<wp:meta_value><![CDATA[12]]></wp:meta_value>
		</wp:postmeta>
		<wp:postmeta>
			<wp:meta_key><![CDATA[cbs_booking_time_interval]]></wp:meta_key>
			<wp:meta_value><![CDATA[30]]></wp:meta_value>
		</wp:postmeta>
		<wp:postmeta>
			<wp:meta_key><![CDATA[cbs_booking_day_count]]></wp:meta_key>
			<wp:meta_value><![CDATA[7]]></wp:meta_value>
		</wp:postmeta>
		<wp:postmeta>
			<wp:meta_key><![CDATA[cbs_address_name]]></wp:meta_key>
			<wp:meta_value><![CDATA[Portland Auto Spa]]></wp:meta_value>
		</wp:postmeta>
		<wp:postmeta>
			<wp:meta_key><![CDATA[cbs_address_street]]></wp:meta_key>
			<wp:meta_value><![CDATA[464 Rhode Island Av.]]></wp:meta_value>
		</wp:postmeta>
		<wp:postmeta>
			<wp:meta_key><![CDATA[cbs_address_postcode]]></wp:meta_key>
			<wp:meta_value><![CDATA[OR 97219]]></wp:meta_value>
		</wp:postmeta>
		<wp:postmeta>
			<wp:meta_key><![CDATA[cbs_address_city]]></wp:meta_key>
			<wp:meta_value><![CDATA[Portland]]></wp:meta_value>
		</wp:postmeta>
		<wp:postmeta>
			<wp:meta_key><![CDATA[cbs_address_state]]></wp:meta_key>
			<wp:meta_value><![CDATA[OR]]></wp:meta_value>
		</wp:postmeta>
		<wp:postmeta>
			<wp:meta_key><![CDATA[cbs_address_country]]></wp:meta_key>
			<wp:meta_value><![CDATA[United States]]></wp:meta_value>
		</wp:postmeta>
		<wp:postmeta>
			<wp:meta_key><![CDATA[cbs_address_phone_number]]></wp:meta_key>
			<wp:meta_value><![CDATA[(505) 325-2575]]></wp:meta_value>
		</wp:postmeta>
		<wp:postmeta>
			<wp:meta_key><![CDATA[cbs_address_fax_number]]></wp:meta_key>
			<wp:meta_value><![CDATA[(505) 325-2576]]></wp:meta_value>
		</wp:postmeta>
		<wp:postmeta>
			<wp:meta_key><![CDATA[cbs_address_email_address]]></wp:meta_key>
			<wp:meta_value><![CDATA[autospa@mail.com]]></wp:meta_value>
		</wp:postmeta>
		<wp:postmeta>
			<wp:meta_key><![CDATA[cbs_sender_name]]></wp:meta_key>
			<wp:meta_value><![CDATA[QuanticaLabs]]></wp:meta_value>
		</wp:postmeta>
		<wp:postmeta>
			<wp:meta_key><![CDATA[cbs_sender_email]]></wp:meta_key>
			<wp:meta_value><![CDATA[quanticalabs@gmail.com]]></wp:meta_value>
		</wp:postmeta>
		<wp:postmeta>
			<wp:meta_key><![CDATA[cbs_sender_smtp_enable]]></wp:meta_key>
			<wp:meta_value><![CDATA[0]]></wp:meta_value>
		</wp:postmeta>
		<wp:postmeta>
			<wp:meta_key><![CDATA[cbs_sender_smtp_username]]></wp:meta_key>
			<wp:meta_value><![CDATA[]]></wp:meta_value>
		</wp:postmeta>
		<wp:postmeta>
			<wp:meta_key><![CDATA[cbs_sender_smtp_password]]></wp:meta_key>
			<wp:meta_value><![CDATA[]]></wp:meta_value>
		</wp:postmeta>
		<wp:postmeta>
			<wp:meta_key><![CDATA[cbs_sender_smtp_host]]></wp:meta_key>
			<wp:meta_value><![CDATA[]]></wp:meta_value>
		</wp:postmeta>
		<wp:postmeta>
			<wp:meta_key><![CDATA[cbs_sender_smtp_port]]></wp:meta_key>
			<wp:meta_value><![CDATA[]]></wp:meta_value>
		</wp:postmeta>
		<wp:postmeta>
			<wp:meta_key><![CDATA[cbs_sender_smtp_secure_connection_type]]></wp:meta_key>
			<wp:meta_value><![CDATA[ssl]]></wp:meta_value>
		</wp:postmeta>
		<wp:postmeta>
			<wp:meta_key><![CDATA[cbs_smtp_debug_enable]]></wp:meta_key>
			<wp:meta_value><![CDATA[0]]></wp:meta_value>
		</wp:postmeta>
		<wp:postmeta>
			<wp:meta_key><![CDATA[cbs_recipient_email]]></wp:meta_key>
			<wp:meta_value><![CDATA[]]></wp:meta_value>
		</wp:postmeta>
		<wp:postmeta>
			<wp:meta_key><![CDATA[cbs_booking_date_format]]></wp:meta_key>
			<wp:meta_value><![CDATA[l, F j, Y]]></wp:meta_value>
		</wp:postmeta>
		<wp:postmeta>
			<wp:meta_key><![CDATA[cbs_payment_paypal_enable]]></wp:meta_key>
			<wp:meta_value><![CDATA[0]]></wp:meta_value>
		</wp:postmeta>
		<wp:postmeta>
			<wp:meta_key><![CDATA[cbs_payment_paypal_email_address]]></wp:meta_key>
			<wp:meta_value><![CDATA[]]></wp:meta_value>
		</wp:postmeta>
	</item>
	<item>
		<title>Tampa</title>
		<link>http://quanticalabs.com/wp_plugins/car-wash-booking-system/?cbs_location=tampa</link>
		<pubDate>Sat, 31 Oct 2015 12:05:13 +0000</pubDate>
		<dc:creator><![CDATA[admin]]></dc:creator>
		<guid isPermaLink="false">http://quanticalabs.com/wp_plugins/car-wash-booking-system/?post_type=cbs_location&#038;p=213</guid>
		<description></description>
		<content:encoded><![CDATA[]]></content:encoded>
		<excerpt:encoded><![CDATA[]]></excerpt:encoded>
		<wp:post_id>213</wp:post_id>
		<wp:post_date><![CDATA[2015-10-31 12:05:13]]></wp:post_date>
		<wp:post_date_gmt><![CDATA[2015-10-31 12:05:13]]></wp:post_date_gmt>
		<wp:comment_status><![CDATA[closed]]></wp:comment_status>
		<wp:ping_status><![CDATA[closed]]></wp:ping_status>
		<wp:post_name><![CDATA[tampa]]></wp:post_name>
		<wp:status><![CDATA[publish]]></wp:status>
		<wp:post_parent>0</wp:post_parent>
		<wp:menu_order>1</wp:menu_order>
		<wp:post_type><![CDATA[cbs_location]]></wp:post_type>
		<wp:post_password><![CDATA[]]></wp:post_password>
		<wp:is_sticky>0</wp:is_sticky>
		<wp:postmeta>
			<wp:meta_key><![CDATA[_edit_last]]></wp:meta_key>
			<wp:meta_value><![CDATA[1]]></wp:meta_value>
		</wp:postmeta>
		<wp:postmeta>
			<wp:meta_key><![CDATA[cbs_content_type]]></wp:meta_key>
			<wp:meta_value><![CDATA[2]]></wp:meta_value>
		</wp:postmeta>
		<wp:postmeta>
			<wp:meta_key><![CDATA[cbs_currency]]></wp:meta_key>
			<wp:meta_value><![CDATA[EUR]]></wp:meta_value>
		</wp:postmeta>
		<wp:postmeta>
			<wp:meta_key><![CDATA[cbs_slot_number]]></wp:meta_key>
			<wp:meta_value><![CDATA[1]]></wp:meta_value>
		</wp:postmeta>
		<wp:postmeta>
			<wp:meta_key><![CDATA[cbs_hour_visible_number]]></wp:meta_key>
			<wp:meta_value><![CDATA[7]]></wp:meta_value>
		</wp:postmeta>
		<wp:postmeta>
			<wp:meta_key><![CDATA[cbs_service_visible_number]]></wp:meta_key>
			<wp:meta_value><![CDATA[5]]></wp:meta_value>
		</wp:postmeta>
		<wp:postmeta>
			<wp:meta_key><![CDATA[cbs_reset_form_enable]]></wp:meta_key>
			<wp:meta_value><![CDATA[1]]></wp:meta_value>
		</wp:postmeta>
		<wp:postmeta>
			<wp:meta_key><![CDATA[cbs_text_1]]></wp:meta_key>
			<wp:meta_value><![CDATA[We will confirm your appointment with you by phone or e-mail within 24 hours of receiving your request.]]></wp:meta_value>
		</wp:postmeta>
		<wp:postmeta>
			<wp:meta_key><![CDATA[cbs_color]]></wp:meta_key>
			<wp:meta_value><![CDATA[a:10:{i:1;s:6:"E74C3C";i:2;s:6:"FFFFFF";i:3;s:6:"222222";i:4;s:6:"666666";i:5;N;i:6;s:6:"E2E6E7";i:7;s:6:"E2E6E7";i:8;s:6:"FFFFFF";i:9;s:6:"D3D9DA";i:10;N;}]]></wp:meta_value>
		</wp:postmeta>
		<wp:postmeta>
			<wp:meta_key><![CDATA[cbs_business_hour]]></wp:meta_key>
			<wp:meta_value><![CDATA[a:7:{i:1;a:2:{s:5:"start";s:5:"08:00";s:4:"stop";s:5:"21:00";}i:2;a:2:{s:5:"start";s:5:"08:00";s:4:"stop";s:5:"21:00";}i:3;a:2:{s:5:"start";s:5:"08:00";s:4:"stop";s:5:"21:00";}i:4;a:2:{s:5:"start";s:5:"08:00";s:4:"stop";s:5:"21:00";}i:5;a:2:{s:5:"start";s:5:"08:00";s:4:"stop";s:5:"21:00";}i:6;a:2:{s:5:"start";s:5:"10:00";s:4:"stop";s:5:"20:00";}i:7;a:2:{s:5:"start";s:5:"10:00";s:4:"stop";s:5:"20:00";}}]]></wp:meta_value>
		</wp:postmeta>
		<wp:postmeta>
			<wp:meta_key><![CDATA[cbs_date_exclude]]></wp:meta_key>
			<wp:meta_value><![CDATA[a:0:{}]]></wp:meta_value>
		</wp:postmeta>
		<wp:postmeta>
			<wp:meta_key><![CDATA[cbs_booking_time_format]]></wp:meta_key>
			<wp:meta_value><![CDATA[24]]></wp:meta_value>
		</wp:postmeta>
		<wp:postmeta>
			<wp:meta_key><![CDATA[cbs_booking_date_format]]></wp:meta_key>
			<wp:meta_value><![CDATA[l, j F Y]]></wp:meta_value>
		</wp:postmeta>
		<wp:postmeta>
			<wp:meta_key><![CDATA[cbs_booking_time_interval]]></wp:meta_key>
			<wp:meta_value><![CDATA[60]]></wp:meta_value>
		</wp:postmeta>
		<wp:postmeta>
			<wp:meta_key><![CDATA[cbs_booking_day_count]]></wp:meta_key>
			<wp:meta_value><![CDATA[14]]></wp:meta_value>
		</wp:postmeta>
		<wp:postmeta>
			<wp:meta_key><![CDATA[cbs_address_name]]></wp:meta_key>
			<wp:meta_value><![CDATA[Tampa Auto Spa]]></wp:meta_value>
		</wp:postmeta>
		<wp:postmeta>
			<wp:meta_key><![CDATA[cbs_address_street]]></wp:meta_key>
			<wp:meta_value><![CDATA[1231 Maple Court]]></wp:meta_value>
		</wp:postmeta>
		<wp:postmeta>
			<wp:meta_key><![CDATA[cbs_address_postcode]]></wp:meta_key>
			<wp:meta_value><![CDATA[FL 33610]]></wp:meta_value>
		</wp:postmeta>
		<wp:postmeta>
			<wp:meta_key><![CDATA[cbs_address_city]]></wp:meta_key>
			<wp:meta_value><![CDATA[Tampa]]></wp:meta_value>
		</wp:postmeta>
		<wp:postmeta>
			<wp:meta_key><![CDATA[cbs_address_state]]></wp:meta_key>
			<wp:meta_value><![CDATA[FL]]></wp:meta_value>
		</wp:postmeta>
		<wp:postmeta>
			<wp:meta_key><![CDATA[cbs_address_country]]></wp:meta_key>
			<wp:meta_value><![CDATA[United States]]></wp:meta_value>
		</wp:postmeta>
		<wp:postmeta>
			<wp:meta_key><![CDATA[cbs_address_phone_number]]></wp:meta_key>
			<wp:meta_value><![CDATA[(505) 325-2575]]></wp:meta_value>
		</wp:postmeta>
		<wp:postmeta>
			<wp:meta_key><![CDATA[cbs_address_fax_number]]></wp:meta_key>
			<wp:meta_value><![CDATA[(505) 325-2576]]></wp:meta_value>
		</wp:postmeta>
		<wp:postmeta>
			<wp:meta_key><![CDATA[cbs_address_email_address]]></wp:meta_key>
			<wp:meta_value><![CDATA[autospa@mail.com]]></wp:meta_value>
		</wp:postmeta>
		<wp:postmeta>
			<wp:meta_key><![CDATA[cbs_sender_name]]></wp:meta_key>
			<wp:meta_value><![CDATA[QuanticaLabs]]></wp:meta_value>
		</wp:postmeta>
		<wp:postmeta>
			<wp:meta_key><![CDATA[cbs_sender_email]]></wp:meta_key>
			<wp:meta_value><![CDATA[quanticalabs@gmail.com]]></wp:meta_value>
		</wp:postmeta>
		<wp:postmeta>
			<wp:meta_key><![CDATA[cbs_sender_smtp_enable]]></wp:meta_key>
			<wp:meta_value><![CDATA[0]]></wp:meta_value>
		</wp:postmeta>
		<wp:postmeta>
			<wp:meta_key><![CDATA[cbs_sender_smtp_username]]></wp:meta_key>
			<wp:meta_value><![CDATA[]]></wp:meta_value>
		</wp:postmeta>
		<wp:postmeta>
			<wp:meta_key><![CDATA[cbs_sender_smtp_password]]></wp:meta_key>
			<wp:meta_value><![CDATA[]]></wp:meta_value>
		</wp:postmeta>
		<wp:postmeta>
			<wp:meta_key><![CDATA[cbs_sender_smtp_host]]></wp:meta_key>
			<wp:meta_value><![CDATA[]]></wp:meta_value>
		</wp:postmeta>
		<wp:postmeta>
			<wp:meta_key><![CDATA[cbs_sender_smtp_port]]></wp:meta_key>
			<wp:meta_value><![CDATA[]]></wp:meta_value>
		</wp:postmeta>
		<wp:postmeta>
			<wp:meta_key><![CDATA[cbs_sender_smtp_secure_connection_type]]></wp:meta_key>
			<wp:meta_value><![CDATA[ssl]]></wp:meta_value>
		</wp:postmeta>
		<wp:postmeta>
			<wp:meta_key><![CDATA[cbs_smtp_debug_enable]]></wp:meta_key>
			<wp:meta_value><![CDATA[0]]></wp:meta_value>
		</wp:postmeta>
		<wp:postmeta>
			<wp:meta_key><![CDATA[cbs_recipient_email]]></wp:meta_key>
			<wp:meta_value><![CDATA[quanticalabs@gmail.com;]]></wp:meta_value>
		</wp:postmeta>
		<wp:postmeta>
			<wp:meta_key><![CDATA[cbs_payment_paypal_enable]]></wp:meta_key>
			<wp:meta_value><![CDATA[0]]></wp:meta_value>
		</wp:postmeta>
		<wp:postmeta>
			<wp:meta_key><![CDATA[cbs_payment_paypal_email_address]]></wp:meta_key>
			<wp:meta_value><![CDATA[]]></wp:meta_value>
		</wp:postmeta>
		<wp:postmeta>
			<wp:meta_key><![CDATA[cbs_user]]></wp:meta_key>
			<wp:meta_value><![CDATA[a:0:{}]]></wp:meta_value>
		</wp:postmeta>
		<wp:postmeta>
			<wp:meta_key><![CDATA[cbs_payment_stripe_publishable_key]]></wp:meta_key>
			<wp:meta_value><![CDATA[]]></wp:meta_value>
		</wp:postmeta>
		<wp:postmeta>
			<wp:meta_key><![CDATA[cbs_payment_stripe_secret_key]]></wp:meta_key>
			<wp:meta_value><![CDATA[]]></wp:meta_value>
		</wp:postmeta>
		<wp:postmeta>
			<wp:meta_key><![CDATA[cbs_payment_stripe_enable]]></wp:meta_key>
			<wp:meta_value><![CDATA[0]]></wp:meta_value>
		</wp:postmeta>
		<wp:postmeta>
			<wp:meta_key><![CDATA[cbs_coordinate_longitude]]></wp:meta_key>
			<wp:meta_value><![CDATA[]]></wp:meta_value>
		</wp:postmeta>
		<wp:postmeta>
			<wp:meta_key><![CDATA[cbs_coordinate_latitude]]></wp:meta_key>
			<wp:meta_value><![CDATA[]]></wp:meta_value>
		</wp:postmeta>
		<wp:postmeta>
			<wp:meta_key><![CDATA[cbs_gratuity_enable]]></wp:meta_key>
			<wp:meta_value><![CDATA[0]]></wp:meta_value>
		</wp:postmeta>
		<wp:postmeta>
			<wp:meta_key><![CDATA[cbs_enable_logging]]></wp:meta_key>
			<wp:meta_value><![CDATA[0]]></wp:meta_value>
		</wp:postmeta>
		<wp:postmeta>
			<wp:meta_key><![CDATA[cbs_enable_coupons]]></wp:meta_key>
			<wp:meta_value><![CDATA[1]]></wp:meta_value>
		</wp:postmeta>
		<wp:postmeta>
			<wp:meta_key><![CDATA[cbs_break_hour]]></wp:meta_key>
			<wp:meta_value><![CDATA[a:7:{i:1;a:0:{}i:2;a:0:{}i:3;a:0:{}i:4;a:0:{}i:5;a:0:{}i:6;a:0:{}i:7;a:0:{}}]]></wp:meta_value>
		</wp:postmeta>
		<wp:postmeta>
			<wp:meta_key><![CDATA[cbs_client_address_enable]]></wp:meta_key>
			<wp:meta_value><![CDATA[1]]></wp:meta_value>
		</wp:postmeta>
	</item>
	<item>
		<title>Lake Worth</title>
		<link>http://quanticalabs.com/wp_plugins/car-wash-booking-system/?cbs_location=lake-worth</link>
		<pubDate>Sat, 31 Oct 2015 12:08:51 +0000</pubDate>
		<dc:creator><![CDATA[admin]]></dc:creator>
		<guid isPermaLink="false">http://quanticalabs.com/wp_plugins/car-wash-booking-system/?post_type=cbs_location&#038;p=214</guid>
		<description></description>
		<content:encoded><![CDATA[]]></content:encoded>
		<excerpt:encoded><![CDATA[]]></excerpt:encoded>
		<wp:post_id>214</wp:post_id>
		<wp:post_date><![CDATA[2015-10-31 12:08:51]]></wp:post_date>
		<wp:post_date_gmt><![CDATA[2015-10-31 12:08:51]]></wp:post_date_gmt>
		<wp:comment_status><![CDATA[closed]]></wp:comment_status>
		<wp:ping_status><![CDATA[closed]]></wp:ping_status>
		<wp:post_name><![CDATA[lake-worth]]></wp:post_name>
		<wp:status><![CDATA[publish]]></wp:status>
		<wp:post_parent>0</wp:post_parent>
		<wp:menu_order>2</wp:menu_order>
		<wp:post_type><![CDATA[cbs_location]]></wp:post_type>
		<wp:post_password><![CDATA[]]></wp:post_password>
		<wp:is_sticky>0</wp:is_sticky>
		<wp:postmeta>
			<wp:meta_key><![CDATA[_edit_last]]></wp:meta_key>
			<wp:meta_value><![CDATA[1]]></wp:meta_value>
		</wp:postmeta>
		<wp:postmeta>
			<wp:meta_key><![CDATA[cbs_content_type]]></wp:meta_key>
			<wp:meta_value><![CDATA[1]]></wp:meta_value>
		</wp:postmeta>
		<wp:postmeta>
			<wp:meta_key><![CDATA[cbs_currency]]></wp:meta_key>
			<wp:meta_value><![CDATA[GBP]]></wp:meta_value>
		</wp:postmeta>
		<wp:postmeta>
			<wp:meta_key><![CDATA[cbs_slot_number]]></wp:meta_key>
			<wp:meta_value><![CDATA[1]]></wp:meta_value>
		</wp:postmeta>
		<wp:postmeta>
			<wp:meta_key><![CDATA[cbs_hour_visible_number]]></wp:meta_key>
			<wp:meta_value><![CDATA[3]]></wp:meta_value>
		</wp:postmeta>
		<wp:postmeta>
			<wp:meta_key><![CDATA[cbs_service_visible_number]]></wp:meta_key>
			<wp:meta_value><![CDATA[10]]></wp:meta_value>
		</wp:postmeta>
		<wp:postmeta>
			<wp:meta_key><![CDATA[cbs_reset_form_enable]]></wp:meta_key>
			<wp:meta_value><![CDATA[1]]></wp:meta_value>
		</wp:postmeta>
		<wp:postmeta>
			<wp:meta_key><![CDATA[cbs_text_1]]></wp:meta_key>
			<wp:meta_value><![CDATA[We will confirm your appointment with you by phone or e-mail within 24 hours of receiving your request.]]></wp:meta_value>
		</wp:postmeta>
		<wp:postmeta>
			<wp:meta_key><![CDATA[cbs_color]]></wp:meta_key>
			<wp:meta_value><![CDATA[a:10:{i:1;s:6:"1ABC9C";i:2;s:6:"FFFFFF";i:3;s:6:"223242";i:4;s:6:"4a5f73";i:5;s:6:"7a8c9d";i:6;s:6:"E2E6E7";i:7;s:6:"E2E6E7";i:8;s:6:"FFFFFF";i:9;s:6:"D3D9DA";i:10;s:6:"33495E";}]]></wp:meta_value>
		</wp:postmeta>
		<wp:postmeta>
			<wp:meta_key><![CDATA[cbs_business_hour]]></wp:meta_key>
			<wp:meta_value><![CDATA[a:7:{i:1;a:2:{s:5:"start";s:5:"09:00";s:4:"stop";s:5:"15:00";}i:2;a:2:{s:5:"start";s:5:"09:00";s:4:"stop";s:5:"15:00";}i:3;a:2:{s:5:"start";s:5:"09:00";s:4:"stop";s:5:"15:00";}i:4;a:2:{s:5:"start";N;s:4:"stop";N;}i:5;a:2:{s:5:"start";s:5:"09:00";s:4:"stop";s:5:"15:00";}i:6;a:2:{s:5:"start";s:5:"10:00";s:4:"stop";s:5:"15:00";}i:7;a:2:{s:5:"start";N;s:4:"stop";N;}}]]></wp:meta_value>
		</wp:postmeta>
		<wp:postmeta>
			<wp:meta_key><![CDATA[cbs_date_exclude]]></wp:meta_key>
			<wp:meta_value><![CDATA[a:0:{}]]></wp:meta_value>
		</wp:postmeta>
		<wp:postmeta>
			<wp:meta_key><![CDATA[cbs_booking_time_format]]></wp:meta_key>
			<wp:meta_value><![CDATA[24]]></wp:meta_value>
		</wp:postmeta>
		<wp:postmeta>
			<wp:meta_key><![CDATA[cbs_booking_date_format]]></wp:meta_key>
			<wp:meta_value><![CDATA[D, d.m.Y]]></wp:meta_value>
		</wp:postmeta>
		<wp:postmeta>
			<wp:meta_key><![CDATA[cbs_booking_time_interval]]></wp:meta_key>
			<wp:meta_value><![CDATA[20]]></wp:meta_value>
		</wp:postmeta>
		<wp:postmeta>
			<wp:meta_key><![CDATA[cbs_booking_day_count]]></wp:meta_key>
			<wp:meta_value><![CDATA[5]]></wp:meta_value>
		</wp:postmeta>
		<wp:postmeta>
			<wp:meta_key><![CDATA[cbs_address_name]]></wp:meta_key>
			<wp:meta_value><![CDATA[Lake Worth Auto Spa]]></wp:meta_value>
		</wp:postmeta>
		<wp:postmeta>
			<wp:meta_key><![CDATA[cbs_address_street]]></wp:meta_key>
			<wp:meta_value><![CDATA[1780 Middleville Rd.]]></wp:meta_value>
		</wp:postmeta>
		<wp:postmeta>
			<wp:meta_key><![CDATA[cbs_address_postcode]]></wp:meta_key>
			<wp:meta_value><![CDATA[FL 33467]]></wp:meta_value>
		</wp:postmeta>
		<wp:postmeta>
			<wp:meta_key><![CDATA[cbs_address_city]]></wp:meta_key>
			<wp:meta_value><![CDATA[Lake Worth]]></wp:meta_value>
		</wp:postmeta>
		<wp:postmeta>
			<wp:meta_key><![CDATA[cbs_address_state]]></wp:meta_key>
			<wp:meta_value><![CDATA[FL]]></wp:meta_value>
		</wp:postmeta>
		<wp:postmeta>
			<wp:meta_key><![CDATA[cbs_address_country]]></wp:meta_key>
			<wp:meta_value><![CDATA[United States]]></wp:meta_value>
		</wp:postmeta>
		<wp:postmeta>
			<wp:meta_key><![CDATA[cbs_address_phone_number]]></wp:meta_key>
			<wp:meta_value><![CDATA[(505) 325-2575]]></wp:meta_value>
		</wp:postmeta>
		<wp:postmeta>
			<wp:meta_key><![CDATA[cbs_address_fax_number]]></wp:meta_key>
			<wp:meta_value><![CDATA[(505) 325-2576]]></wp:meta_value>
		</wp:postmeta>
		<wp:postmeta>
			<wp:meta_key><![CDATA[cbs_address_email_address]]></wp:meta_key>
			<wp:meta_value><![CDATA[autospa@mail.com]]></wp:meta_value>
		</wp:postmeta>
		<wp:postmeta>
			<wp:meta_key><![CDATA[cbs_sender_name]]></wp:meta_key>
			<wp:meta_value><![CDATA[QuanticaLabs]]></wp:meta_value>
		</wp:postmeta>
		<wp:postmeta>
			<wp:meta_key><![CDATA[cbs_sender_email]]></wp:meta_key>
			<wp:meta_value><![CDATA[quanticalabs@gmail.com]]></wp:meta_value>
		</wp:postmeta>
		<wp:postmeta>
			<wp:meta_key><![CDATA[cbs_sender_smtp_enable]]></wp:meta_key>
			<wp:meta_value><![CDATA[0]]></wp:meta_value>
		</wp:postmeta>
		<wp:postmeta>
			<wp:meta_key><![CDATA[cbs_sender_smtp_username]]></wp:meta_key>
			<wp:meta_value><![CDATA[]]></wp:meta_value>
		</wp:postmeta>
		<wp:postmeta>
			<wp:meta_key><![CDATA[cbs_sender_smtp_password]]></wp:meta_key>
			<wp:meta_value><![CDATA[]]></wp:meta_value>
		</wp:postmeta>
		<wp:postmeta>
			<wp:meta_key><![CDATA[cbs_sender_smtp_host]]></wp:meta_key>
			<wp:meta_value><![CDATA[]]></wp:meta_value>
		</wp:postmeta>
		<wp:postmeta>
			<wp:meta_key><![CDATA[cbs_sender_smtp_port]]></wp:meta_key>
			<wp:meta_value><![CDATA[]]></wp:meta_value>
		</wp:postmeta>
		<wp:postmeta>
			<wp:meta_key><![CDATA[cbs_sender_smtp_secure_connection_type]]></wp:meta_key>
			<wp:meta_value><![CDATA[ssl]]></wp:meta_value>
		</wp:postmeta>
		<wp:postmeta>
			<wp:meta_key><![CDATA[cbs_smtp_debug_enable]]></wp:meta_key>
			<wp:meta_value><![CDATA[0]]></wp:meta_value>
		</wp:postmeta>
		<wp:postmeta>
			<wp:meta_key><![CDATA[cbs_recipient_email]]></wp:meta_key>
			<wp:meta_value><![CDATA[quanticalabs@gmail.com;]]></wp:meta_value>
		</wp:postmeta>
		<wp:postmeta>
			<wp:meta_key><![CDATA[cbs_payment_paypal_enable]]></wp:meta_key>
			<wp:meta_value><![CDATA[0]]></wp:meta_value>
		</wp:postmeta>
		<wp:postmeta>
			<wp:meta_key><![CDATA[cbs_payment_paypal_email_address]]></wp:meta_key>
			<wp:meta_value><![CDATA[]]></wp:meta_value>
		</wp:postmeta>
		<wp:postmeta>
			<wp:meta_key><![CDATA[cbs_user]]></wp:meta_key>
			<wp:meta_value><![CDATA[a:0:{}]]></wp:meta_value>
		</wp:postmeta>
		<wp:postmeta>
			<wp:meta_key><![CDATA[cbs_payment_stripe_publishable_key]]></wp:meta_key>
			<wp:meta_value><![CDATA[]]></wp:meta_value>
		</wp:postmeta>
		<wp:postmeta>
			<wp:meta_key><![CDATA[cbs_payment_stripe_secret_key]]></wp:meta_key>
			<wp:meta_value><![CDATA[]]></wp:meta_value>
		</wp:postmeta>
		<wp:postmeta>
			<wp:meta_key><![CDATA[cbs_payment_stripe_enable]]></wp:meta_key>
			<wp:meta_value><![CDATA[0]]></wp:meta_value>
		</wp:postmeta>
		<wp:postmeta>
			<wp:meta_key><![CDATA[cbs_coordinate_longitude]]></wp:meta_key>
			<wp:meta_value><![CDATA[]]></wp:meta_value>
		</wp:postmeta>
		<wp:postmeta>
			<wp:meta_key><![CDATA[cbs_coordinate_latitude]]></wp:meta_key>
			<wp:meta_value><![CDATA[]]></wp:meta_value>
		</wp:postmeta>
		<wp:postmeta>
			<wp:meta_key><![CDATA[cbs_break_hour]]></wp:meta_key>
			<wp:meta_value><![CDATA[a:7:{i:1;a:0:{}i:2;a:0:{}i:3;a:0:{}i:4;a:0:{}i:5;a:0:{}i:6;a:0:{}i:7;a:0:{}}]]></wp:meta_value>
		</wp:postmeta>
		<wp:postmeta>
			<wp:meta_key><![CDATA[cbs_enable_coupons]]></wp:meta_key>
			<wp:meta_value><![CDATA[0]]></wp:meta_value>
		</wp:postmeta>
		<wp:postmeta>
			<wp:meta_key><![CDATA[cbs_client_address_enable]]></wp:meta_key>
			<wp:meta_value><![CDATA[0]]></wp:meta_value>
		</wp:postmeta>
		<wp:postmeta>
			<wp:meta_key><![CDATA[cbs_gratuity_enable]]></wp:meta_key>
			<wp:meta_value><![CDATA[0]]></wp:meta_value>
		</wp:postmeta>
		<wp:postmeta>
			<wp:meta_key><![CDATA[cbs_enable_logging]]></wp:meta_key>
			<wp:meta_value><![CDATA[0]]></wp:meta_value>
		</wp:postmeta>
	</item>
	<item>
		<title>Regular Size Car</title>
		<link>http://quanticalabs.com/wp_plugins/car-wash-booking-system/?cbs_vehicle=small-car</link>
		<pubDate>Wed, 21 Oct 2015 13:21:16 +0000</pubDate>
		<dc:creator><![CDATA[admin]]></dc:creator>
		<guid isPermaLink="false">http://quanticalabs.com/wp_plugins/car-wash-booking-system/?post_type=cbs_vehicle&#038;p=24</guid>
		<description></description>
		<content:encoded><![CDATA[]]></content:encoded>
		<excerpt:encoded><![CDATA[]]></excerpt:encoded>
		<wp:post_id>24</wp:post_id>
		<wp:post_date>2015-10-21 13:21:16</wp:post_date>
		<wp:post_date_gmt>2015-10-21 13:21:16</wp:post_date_gmt>
		<wp:comment_status>closed</wp:comment_status>
		<wp:ping_status>closed</wp:ping_status>
		<wp:post_name>small-car</wp:post_name>
		<wp:status>publish</wp:status>
		<wp:post_parent>0</wp:post_parent>
		<wp:menu_order>0</wp:menu_order>
		<wp:post_type>cbs_vehicle</wp:post_type>
		<wp:post_password></wp:post_password>
		<wp:is_sticky>0</wp:is_sticky>
		<wp:postmeta>
			<wp:meta_key>cbs_icon</wp:meta_key>
			<wp:meta_value><![CDATA[small-car]]></wp:meta_value>
		</wp:postmeta>
		<wp:postmeta>
			<wp:meta_key>_edit_last</wp:meta_key>
			<wp:meta_value><![CDATA[1]]></wp:meta_value>
		</wp:postmeta>
	</item>
	<item>
		<title>Medium Size Car</title>
		<link>http://quanticalabs.com/wp_plugins/car-wash-booking-system/?cbs_vehicle=medium-car</link>
		<pubDate>Wed, 21 Oct 2015 13:22:10 +0000</pubDate>
		<dc:creator><![CDATA[admin]]></dc:creator>
		<guid isPermaLink="false">http://quanticalabs.com/wp_plugins/car-wash-booking-system/?post_type=cbs_vehicle&#038;p=25</guid>
		<description></description>
		<content:encoded><![CDATA[]]></content:encoded>
		<excerpt:encoded><![CDATA[]]></excerpt:encoded>
		<wp:post_id>25</wp:post_id>
		<wp:post_date>2015-10-21 13:22:10</wp:post_date>
		<wp:post_date_gmt>2015-10-21 13:22:10</wp:post_date_gmt>
		<wp:comment_status>closed</wp:comment_status>
		<wp:ping_status>closed</wp:ping_status>
		<wp:post_name>medium-car</wp:post_name>
		<wp:status>publish</wp:status>
		<wp:post_parent>0</wp:post_parent>
		<wp:menu_order>1</wp:menu_order>
		<wp:post_type>cbs_vehicle</wp:post_type>
		<wp:post_password></wp:post_password>
		<wp:is_sticky>0</wp:is_sticky>
		<wp:postmeta>
			<wp:meta_key>_edit_last</wp:meta_key>
			<wp:meta_value><![CDATA[1]]></wp:meta_value>
		</wp:postmeta>
		<wp:postmeta>
			<wp:meta_key>cbs_icon</wp:meta_key>
			<wp:meta_value><![CDATA[car-mid-size]]></wp:meta_value>
		</wp:postmeta>
	</item>
	<item>
		<title>Compact SUV</title>
		<link>http://quanticalabs.com/wp_plugins/car-wash-booking-system/?cbs_vehicle=suv</link>
		<pubDate>Wed, 21 Oct 2015 13:22:31 +0000</pubDate>
		<dc:creator><![CDATA[admin]]></dc:creator>
		<guid isPermaLink="false">http://quanticalabs.com/wp_plugins/car-wash-booking-system/?post_type=cbs_vehicle&#038;p=26</guid>
		<description></description>
		<content:encoded><![CDATA[]]></content:encoded>
		<excerpt:encoded><![CDATA[]]></excerpt:encoded>
		<wp:post_id>26</wp:post_id>
		<wp:post_date>2015-10-21 13:22:31</wp:post_date>
		<wp:post_date_gmt>2015-10-21 13:22:31</wp:post_date_gmt>
		<wp:comment_status>closed</wp:comment_status>
		<wp:ping_status>closed</wp:ping_status>
		<wp:post_name>suv</wp:post_name>
		<wp:status>publish</wp:status>
		<wp:post_parent>0</wp:post_parent>
		<wp:menu_order>2</wp:menu_order>
		<wp:post_type>cbs_vehicle</wp:post_type>
		<wp:post_password></wp:post_password>
		<wp:is_sticky>0</wp:is_sticky>
		<wp:postmeta>
			<wp:meta_key>_edit_last</wp:meta_key>
			<wp:meta_value><![CDATA[1]]></wp:meta_value>
		</wp:postmeta>
		<wp:postmeta>
			<wp:meta_key>cbs_icon</wp:meta_key>
			<wp:meta_value><![CDATA[suv]]></wp:meta_value>
		</wp:postmeta>
	</item>
	<item>
		<title>Minivan</title>
		<link>http://quanticalabs.com/wp_plugins/car-wash-booking-system/?cbs_vehicle=minivan</link>
		<pubDate>Wed, 21 Oct 2015 13:23:57 +0000</pubDate>
		<dc:creator><![CDATA[admin]]></dc:creator>
		<guid isPermaLink="false">http://quanticalabs.com/wp_plugins/car-wash-booking-system/?post_type=cbs_vehicle&#038;p=27</guid>
		<description></description>
		<content:encoded><![CDATA[]]></content:encoded>
		<excerpt:encoded><![CDATA[]]></excerpt:encoded>
		<wp:post_id>27</wp:post_id>
		<wp:post_date>2015-10-21 13:23:57</wp:post_date>
		<wp:post_date_gmt>2015-10-21 13:23:57</wp:post_date_gmt>
		<wp:comment_status>closed</wp:comment_status>
		<wp:ping_status>closed</wp:ping_status>
		<wp:post_name>minivan</wp:post_name>
		<wp:status>publish</wp:status>
		<wp:post_parent>0</wp:post_parent>
		<wp:menu_order>3</wp:menu_order>
		<wp:post_type>cbs_vehicle</wp:post_type>
		<wp:post_password></wp:post_password>
		<wp:is_sticky>0</wp:is_sticky>
		<wp:postmeta>
			<wp:meta_key>_edit_last</wp:meta_key>
			<wp:meta_value><![CDATA[1]]></wp:meta_value>
		</wp:postmeta>
		<wp:postmeta>
			<wp:meta_key>cbs_icon</wp:meta_key>
			<wp:meta_value><![CDATA[minivan]]></wp:meta_value>
		</wp:postmeta>
	</item>
	<item>
		<title>Cargo Truck</title>
		<link>http://quanticalabs.com/wp_plugins/car-wash-booking-system/?cbs_vehicle=small-truck</link>
		<pubDate>Wed, 21 Oct 2015 13:24:17 +0000</pubDate>
		<dc:creator><![CDATA[admin]]></dc:creator>
		<guid isPermaLink="false">http://quanticalabs.com/wp_plugins/car-wash-booking-system/?post_type=cbs_vehicle&#038;p=28</guid>
		<description></description>
		<content:encoded><![CDATA[]]></content:encoded>
		<excerpt:encoded><![CDATA[]]></excerpt:encoded>
		<wp:post_id>28</wp:post_id>
		<wp:post_date>2015-10-21 13:24:17</wp:post_date>
		<wp:post_date_gmt>2015-10-21 13:24:17</wp:post_date_gmt>
		<wp:comment_status>closed</wp:comment_status>
		<wp:ping_status>closed</wp:ping_status>
		<wp:post_name>small-truck</wp:post_name>
		<wp:status>publish</wp:status>
		<wp:post_parent>0</wp:post_parent>
		<wp:menu_order>5</wp:menu_order>
		<wp:post_type>cbs_vehicle</wp:post_type>
		<wp:post_password></wp:post_password>
		<wp:is_sticky>0</wp:is_sticky>
		<wp:postmeta>
			<wp:meta_key>_edit_last</wp:meta_key>
			<wp:meta_value><![CDATA[1]]></wp:meta_value>
		</wp:postmeta>
		<wp:postmeta>
			<wp:meta_key>cbs_icon</wp:meta_key>
			<wp:meta_value><![CDATA[truck-mid-size]]></wp:meta_value>
		</wp:postmeta>
	</item>
	<item>
		<title>Pickup Truck</title>
		<link>http://quanticalabs.com/wp_plugins/car-wash-booking-system/?cbs_vehicle=pickup-truck</link>
		<pubDate>Wed, 21 Oct 2015 13:37:53 +0000</pubDate>
		<dc:creator><![CDATA[admin]]></dc:creator>
		<guid isPermaLink="false">http://quanticalabs.com/wp_plugins/car-wash-booking-system/?post_type=cbs_vehicle&#038;p=30</guid>
		<description></description>
		<content:encoded><![CDATA[]]></content:encoded>
		<excerpt:encoded><![CDATA[]]></excerpt:encoded>
		<wp:post_id>30</wp:post_id>
		<wp:post_date>2015-10-21 13:37:53</wp:post_date>
		<wp:post_date_gmt>2015-10-21 13:37:53</wp:post_date_gmt>
		<wp:comment_status>closed</wp:comment_status>
		<wp:ping_status>closed</wp:ping_status>
		<wp:post_name>pickup-truck</wp:post_name>
		<wp:status>publish</wp:status>
		<wp:post_parent>0</wp:post_parent>
		<wp:menu_order>4</wp:menu_order>
		<wp:post_type>cbs_vehicle</wp:post_type>
		<wp:post_password></wp:post_password>
		<wp:is_sticky>0</wp:is_sticky>
		<wp:postmeta>
			<wp:meta_key>_edit_last</wp:meta_key>
			<wp:meta_value><![CDATA[1]]></wp:meta_value>
		</wp:postmeta>
		<wp:postmeta>
			<wp:meta_key>cbs_icon</wp:meta_key>
			<wp:meta_value><![CDATA[pickup]]></wp:meta_value>
		</wp:postmeta>
	</item>
	<item>
		<title>Mid Size Bus</title>
		<link>http://quanticalabs.com/wp_plugins/car-wash-booking-system/?cbs_vehicle=mid-size-bus-2</link>
		<pubDate>Mon, 02 Nov 2015 14:46:46 +0000</pubDate>
		<dc:creator><![CDATA[admin]]></dc:creator>
		<guid isPermaLink="false">http://quanticalabs.com/wp_plugins/car-wash-booking-system/?post_type=cbs_vehicle&#038;p=224</guid>
		<description></description>
		<content:encoded><![CDATA[]]></content:encoded>
		<excerpt:encoded><![CDATA[]]></excerpt:encoded>
		<wp:post_id>224</wp:post_id>
		<wp:post_date>2015-11-02 14:46:46</wp:post_date>
		<wp:post_date_gmt>2015-11-02 14:46:46</wp:post_date_gmt>
		<wp:comment_status>closed</wp:comment_status>
		<wp:ping_status>closed</wp:ping_status>
		<wp:post_name>mid-size-bus-2</wp:post_name>
		<wp:status>publish</wp:status>
		<wp:post_parent>0</wp:post_parent>
		<wp:menu_order>6</wp:menu_order>
		<wp:post_type>cbs_vehicle</wp:post_type>
		<wp:post_password></wp:post_password>
		<wp:is_sticky>0</wp:is_sticky>
		<wp:postmeta>
			<wp:meta_key>_edit_last</wp:meta_key>
			<wp:meta_value><![CDATA[1]]></wp:meta_value>
		</wp:postmeta>
		<wp:postmeta>
			<wp:meta_key>cbs_icon</wp:meta_key>
			<wp:meta_value><![CDATA[midibus]]></wp:meta_value>
		</wp:postmeta>
	</item>
	<item>
		<title>Regular Size Bus</title>
		<link>http://quanticalabs.com/wp_plugins/car-wash-booking-system/?cbs_vehicle=bus-3</link>
		<pubDate>Mon, 02 Nov 2015 14:47:03 +0000</pubDate>
		<dc:creator><![CDATA[admin]]></dc:creator>
		<guid isPermaLink="false">http://quanticalabs.com/wp_plugins/car-wash-booking-system/?post_type=cbs_vehicle&#038;p=225</guid>
		<description></description>
		<content:encoded><![CDATA[]]></content:encoded>
		<excerpt:encoded><![CDATA[]]></excerpt:encoded>
		<wp:post_id>225</wp:post_id>
		<wp:post_date>2015-11-02 14:47:03</wp:post_date>
		<wp:post_date_gmt>2015-11-02 14:47:03</wp:post_date_gmt>
		<wp:comment_status>closed</wp:comment_status>
		<wp:ping_status>closed</wp:ping_status>
		<wp:post_name>bus-3</wp:post_name>
		<wp:status>publish</wp:status>
		<wp:post_parent>0</wp:post_parent>
		<wp:menu_order>7</wp:menu_order>
		<wp:post_type>cbs_vehicle</wp:post_type>
		<wp:post_password></wp:post_password>
		<wp:is_sticky>0</wp:is_sticky>
		<wp:postmeta>
			<wp:meta_key>_edit_last</wp:meta_key>
			<wp:meta_value><![CDATA[1]]></wp:meta_value>
		</wp:postmeta>
		<wp:postmeta>
			<wp:meta_key>cbs_icon</wp:meta_key>
			<wp:meta_value><![CDATA[bus]]></wp:meta_value>
		</wp:postmeta>
	</item>
	<item>
		<title>Truck</title>
		<link>http://quanticalabs.com/wp_plugins/car-wash-booking-system/?cbs_vehicle=heavy-equipment</link>
		<pubDate>Mon, 02 Nov 2015 14:48:02 +0000</pubDate>
		<dc:creator><![CDATA[admin]]></dc:creator>
		<guid isPermaLink="false">http://quanticalabs.com/wp_plugins/car-wash-booking-system/?post_type=cbs_vehicle&#038;p=226</guid>
		<description></description>
		<content:encoded><![CDATA[]]></content:encoded>
		<excerpt:encoded><![CDATA[]]></excerpt:encoded>
		<wp:post_id>226</wp:post_id>
		<wp:post_date>2015-11-02 14:48:02</wp:post_date>
		<wp:post_date_gmt>2015-11-02 14:48:02</wp:post_date_gmt>
		<wp:comment_status>closed</wp:comment_status>
		<wp:ping_status>closed</wp:ping_status>
		<wp:post_name>heavy-equipment</wp:post_name>
		<wp:status>publish</wp:status>
		<wp:post_parent>0</wp:post_parent>
		<wp:menu_order>8</wp:menu_order>
		<wp:post_type>cbs_vehicle</wp:post_type>
		<wp:post_password></wp:post_password>
		<wp:is_sticky>0</wp:is_sticky>
		<wp:postmeta>
			<wp:meta_key>_edit_last</wp:meta_key>
			<wp:meta_value><![CDATA[1]]></wp:meta_value>
		</wp:postmeta>
		<wp:postmeta>
			<wp:meta_key>cbs_icon</wp:meta_key>
			<wp:meta_value><![CDATA[truck]]></wp:meta_value>
		</wp:postmeta>
	</item>
	<item>
		<title>Heavy Equipment</title>
		<link>http://quanticalabs.com/wp_plugins/car-wash-booking-system/?cbs_vehicle=heavy-equipment-2</link>
		<pubDate>Mon, 02 Nov 2015 14:49:55 +0000</pubDate>
		<dc:creator><![CDATA[admin]]></dc:creator>
		<guid isPermaLink="false">http://quanticalabs.com/wp_plugins/car-wash-booking-system/?post_type=cbs_vehicle&#038;p=227</guid>
		<description></description>
		<content:encoded><![CDATA[]]></content:encoded>
		<excerpt:encoded><![CDATA[]]></excerpt:encoded>
		<wp:post_id>227</wp:post_id>
		<wp:post_date>2015-11-02 14:49:55</wp:post_date>
		<wp:post_date_gmt>2015-11-02 14:49:55</wp:post_date_gmt>
		<wp:comment_status>closed</wp:comment_status>
		<wp:ping_status>closed</wp:ping_status>
		<wp:post_name>heavy-equipment-2</wp:post_name>
		<wp:status>publish</wp:status>
		<wp:post_parent>0</wp:post_parent>
		<wp:menu_order>9</wp:menu_order>
		<wp:post_type>cbs_vehicle</wp:post_type>
		<wp:post_password></wp:post_password>
		<wp:is_sticky>0</wp:is_sticky>
		<wp:postmeta>
			<wp:meta_key>_edit_last</wp:meta_key>
			<wp:meta_value><![CDATA[1]]></wp:meta_value>
		</wp:postmeta>
		<wp:postmeta>
			<wp:meta_key>cbs_icon</wp:meta_key>
			<wp:meta_value><![CDATA[heavy-equipment]]></wp:meta_value>
		</wp:postmeta>
	</item>
	<item>
		<title>Towel Hand Dry</title>
		<link>http://quanticalabs.com/wp_plugins/car-wash-booking-system/?cbs_service=towel-hand-dry</link>
		<pubDate>Wed, 21 Oct 2015 20:43:38 +0000</pubDate>
		<dc:creator><![CDATA[admin]]></dc:creator>
		<guid isPermaLink="false">http://quanticalabs.com/wp_plugins/car-wash-booking-system/?post_type=cbs_service&#038;p=37</guid>
		<description></description>
		<content:encoded><![CDATA[Your car’s exterior is chamois-dried to prevent water marks forming on the paint and high pressure air is used to remove water from panel joins and trim. dsd]]></content:encoded>
		<excerpt:encoded><![CDATA[]]></excerpt:encoded>
		<wp:post_id>37</wp:post_id>
		<wp:post_date>2015-10-21 20:43:38</wp:post_date>
		<wp:post_date_gmt>2015-10-21 20:43:38</wp:post_date_gmt>
		<wp:comment_status>closed</wp:comment_status>
		<wp:ping_status>closed</wp:ping_status>
		<wp:post_name>towel-hand-dry</wp:post_name>
		<wp:status>publish</wp:status>
		<wp:post_parent>0</wp:post_parent>
		<wp:menu_order>1</wp:menu_order>
		<wp:post_type>cbs_service</wp:post_type>
		<wp:post_password></wp:post_password>
		<wp:is_sticky>0</wp:is_sticky>
		<wp:postmeta>
			<wp:meta_key>_edit_last</wp:meta_key>
			<wp:meta_value><![CDATA[1]]></wp:meta_value>
		</wp:postmeta>
		<wp:postmeta>
			<wp:meta_key>cbs_base_price</wp:meta_key>
			<wp:meta_value><![CDATA[5.50]]></wp:meta_value>
		</wp:postmeta>
		<wp:postmeta>
			<wp:meta_key>cbs_base_duration</wp:meta_key>
			<wp:meta_value><![CDATA[10]]></wp:meta_value>
		</wp:postmeta>
	</item>
	<item>
		<title>Exterior Hand Wash</title>
		<link>http://quanticalabs.com/wp_plugins/car-wash-booking-system/?cbs_service=car-wash</link>
		<pubDate>Wed, 21 Oct 2015 13:47:02 +0000</pubDate>
		<dc:creator><![CDATA[admin]]></dc:creator>
		<guid isPermaLink="false">http://quanticalabs.com/wp_plugins/car-wash-booking-system/?post_type=cbs_service&#038;p=34</guid>
		<description></description>
		<content:encoded><![CDATA[We hand wash your paint with a pH neutral shampoo, we remove dirt without damaging paint or trims. Your car’s exterior is chamois-dried to prevent water marks forming on the paint and high pressure air is used to remove water from panel joins and trim.]]></content:encoded>
		<excerpt:encoded><![CDATA[]]></excerpt:encoded>
		<wp:post_id>34</wp:post_id>
		<wp:post_date>2015-10-21 13:47:02</wp:post_date>
		<wp:post_date_gmt>2015-10-21 13:47:02</wp:post_date_gmt>
		<wp:comment_status>closed</wp:comment_status>
		<wp:ping_status>closed</wp:ping_status>
		<wp:post_name>car-wash</wp:post_name>
		<wp:status>publish</wp:status>
		<wp:post_parent>0</wp:post_parent>
		<wp:menu_order>0</wp:menu_order>
		<wp:post_type>cbs_service</wp:post_type>
		<wp:post_password></wp:post_password>
		<wp:is_sticky>0</wp:is_sticky>
		<wp:postmeta>
			<wp:meta_key>_edit_last</wp:meta_key>
			<wp:meta_value><![CDATA[1]]></wp:meta_value>
		</wp:postmeta>
		<wp:postmeta>
			<wp:meta_key>cbs_base_price</wp:meta_key>
			<wp:meta_value><![CDATA[7.95]]></wp:meta_value>
		</wp:postmeta>
		<wp:postmeta>
			<wp:meta_key>cbs_base_duration</wp:meta_key>
			<wp:meta_value><![CDATA[10]]></wp:meta_value>
		</wp:postmeta>
	</item>
	<item>
		<title>Wheel Shine</title>
		<link>http://quanticalabs.com/wp_plugins/car-wash-booking-system/?cbs_service=hand-wheel-wash</link>
		<pubDate>Wed, 21 Oct 2015 20:44:08 +0000</pubDate>
		<dc:creator><![CDATA[admin]]></dc:creator>
		<guid isPermaLink="false">http://quanticalabs.com/wp_plugins/car-wash-booking-system/?post_type=cbs_service&#038;p=38</guid>
		<description></description>
		<content:encoded><![CDATA[]]></content:encoded>
		<excerpt:encoded><![CDATA[]]></excerpt:encoded>
		<wp:post_id>38</wp:post_id>
		<wp:post_date>2015-10-21 20:44:08</wp:post_date>
		<wp:post_date_gmt>2015-10-21 20:44:08</wp:post_date_gmt>
		<wp:comment_status>closed</wp:comment_status>
		<wp:ping_status>closed</wp:ping_status>
		<wp:post_name>hand-wheel-wash</wp:post_name>
		<wp:status>publish</wp:status>
		<wp:post_parent>0</wp:post_parent>
		<wp:menu_order>2</wp:menu_order>
		<wp:post_type>cbs_service</wp:post_type>
		<wp:post_password></wp:post_password>
		<wp:is_sticky>0</wp:is_sticky>
		<wp:postmeta>
			<wp:meta_key>_edit_last</wp:meta_key>
			<wp:meta_value><![CDATA[1]]></wp:meta_value>
		</wp:postmeta>
		<wp:postmeta>
			<wp:meta_key>cbs_base_price</wp:meta_key>
			<wp:meta_value><![CDATA[5.00]]></wp:meta_value>
		</wp:postmeta>
		<wp:postmeta>
			<wp:meta_key>cbs_base_duration</wp:meta_key>
			<wp:meta_value><![CDATA[5]]></wp:meta_value>
		</wp:postmeta>
	</item>
	<item>
		<title>Interior Vacuum</title>
		<link>http://quanticalabs.com/wp_plugins/car-wash-booking-system/?cbs_service=interior-vacuum</link>
		<pubDate>Wed, 21 Oct 2015 20:58:14 +0000</pubDate>
		<dc:creator><![CDATA[admin]]></dc:creator>
		<guid isPermaLink="false">http://quanticalabs.com/wp_plugins/car-wash-booking-system/?post_type=cbs_service&#038;p=39</guid>
		<description></description>
		<content:encoded><![CDATA[We vacuum your seats, including all the creases in your fabric or leather, carpets and mats. We will not miss under your seats.]]></content:encoded>
		<excerpt:encoded><![CDATA[]]></excerpt:encoded>
		<wp:post_id>39</wp:post_id>
		<wp:post_date>2015-10-21 20:58:14</wp:post_date>
		<wp:post_date_gmt>2015-10-21 20:58:14</wp:post_date_gmt>
		<wp:comment_status>closed</wp:comment_status>
		<wp:ping_status>closed</wp:ping_status>
		<wp:post_name>interior-vacuum</wp:post_name>
		<wp:status>publish</wp:status>
		<wp:post_parent>0</wp:post_parent>
		<wp:menu_order>5</wp:menu_order>
		<wp:post_type>cbs_service</wp:post_type>
		<wp:post_password></wp:post_password>
		<wp:is_sticky>0</wp:is_sticky>
		<wp:postmeta>
			<wp:meta_key>_edit_last</wp:meta_key>
			<wp:meta_value><![CDATA[1]]></wp:meta_value>
		</wp:postmeta>
		<wp:postmeta>
			<wp:meta_key>cbs_base_price</wp:meta_key>
			<wp:meta_value><![CDATA[4.95]]></wp:meta_value>
		</wp:postmeta>
		<wp:postmeta>
			<wp:meta_key>cbs_base_duration</wp:meta_key>
			<wp:meta_value><![CDATA[5]]></wp:meta_value>
		</wp:postmeta>
	</item>
	<item>
		<title>Windows In &amp; Out</title>
		<link>http://quanticalabs.com/wp_plugins/car-wash-booking-system/?cbs_service=windows-in-out</link>
		<pubDate>Wed, 21 Oct 2015 20:58:52 +0000</pubDate>
		<dc:creator><![CDATA[admin]]></dc:creator>
		<guid isPermaLink="false">http://quanticalabs.com/wp_plugins/car-wash-booking-system/?post_type=cbs_service&#038;p=40</guid>
		<description></description>
		<content:encoded><![CDATA[We clean the inside of your windscreen and other interior windows. We give special attention to the rear view mirror and any vanity mirrors. If you have got a glass sunroof that will be cleaned too.]]></content:encoded>
		<excerpt:encoded><![CDATA[]]></excerpt:encoded>
		<wp:post_id>40</wp:post_id>
		<wp:post_date>2015-10-21 20:58:52</wp:post_date>
		<wp:post_date_gmt>2015-10-21 20:58:52</wp:post_date_gmt>
		<wp:comment_status>closed</wp:comment_status>
		<wp:ping_status>closed</wp:ping_status>
		<wp:post_name>windows-in-out</wp:post_name>
		<wp:status>publish</wp:status>
		<wp:post_parent>0</wp:post_parent>
		<wp:menu_order>4</wp:menu_order>
		<wp:post_type>cbs_service</wp:post_type>
		<wp:post_password></wp:post_password>
		<wp:is_sticky>0</wp:is_sticky>
		<wp:postmeta>
			<wp:meta_key>_edit_last</wp:meta_key>
			<wp:meta_value><![CDATA[1]]></wp:meta_value>
		</wp:postmeta>
		<wp:postmeta>
			<wp:meta_key>cbs_base_price</wp:meta_key>
			<wp:meta_value><![CDATA[4.25]]></wp:meta_value>
		</wp:postmeta>
		<wp:postmeta>
			<wp:meta_key>cbs_base_duration</wp:meta_key>
			<wp:meta_value><![CDATA[5]]></wp:meta_value>
		</wp:postmeta>
	</item>
	<item>
		<title>Dashboard Clean</title>
		<link>http://quanticalabs.com/wp_plugins/car-wash-booking-system/?cbs_service=dashboard-clean</link>
		<pubDate>Wed, 21 Oct 2015 21:02:30 +0000</pubDate>
		<dc:creator><![CDATA[admin]]></dc:creator>
		<guid isPermaLink="false">http://quanticalabs.com/wp_plugins/car-wash-booking-system/?post_type=cbs_service&#038;p=42</guid>
		<description></description>
		<content:encoded><![CDATA[]]></content:encoded>
		<excerpt:encoded><![CDATA[]]></excerpt:encoded>
		<wp:post_id>42</wp:post_id>
		<wp:post_date>2015-10-21 21:02:30</wp:post_date>
		<wp:post_date_gmt>2015-10-21 21:02:30</wp:post_date_gmt>
		<wp:comment_status>closed</wp:comment_status>
		<wp:ping_status>closed</wp:ping_status>
		<wp:post_name>dashboard-clean</wp:post_name>
		<wp:status>publish</wp:status>
		<wp:post_parent>0</wp:post_parent>
		<wp:menu_order>8</wp:menu_order>
		<wp:post_type>cbs_service</wp:post_type>
		<wp:post_password></wp:post_password>
		<wp:is_sticky>0</wp:is_sticky>
		<wp:postmeta>
			<wp:meta_key>_edit_last</wp:meta_key>
			<wp:meta_value><![CDATA[1]]></wp:meta_value>
		</wp:postmeta>
		<wp:postmeta>
			<wp:meta_key>cbs_base_price</wp:meta_key>
			<wp:meta_value><![CDATA[5.50]]></wp:meta_value>
		</wp:postmeta>
		<wp:postmeta>
			<wp:meta_key>cbs_base_duration</wp:meta_key>
			<wp:meta_value><![CDATA[5]]></wp:meta_value>
		</wp:postmeta>
	</item>
	<item>
		<title>Door Shuts &amp; Plastics</title>
		<link>http://quanticalabs.com/wp_plugins/car-wash-booking-system/?cbs_service=door-shuts-plastics</link>
		<pubDate>Wed, 21 Oct 2015 21:03:56 +0000</pubDate>
		<dc:creator><![CDATA[admin]]></dc:creator>
		<guid isPermaLink="false">http://quanticalabs.com/wp_plugins/car-wash-booking-system/?post_type=cbs_service&#038;p=43</guid>
		<description></description>
		<content:encoded><![CDATA[]]></content:encoded>
		<excerpt:encoded><![CDATA[]]></excerpt:encoded>
		<wp:post_id>43</wp:post_id>
		<wp:post_date>2015-10-21 21:03:56</wp:post_date>
		<wp:post_date_gmt>2015-10-21 21:03:56</wp:post_date_gmt>
		<wp:comment_status>closed</wp:comment_status>
		<wp:ping_status>closed</wp:ping_status>
		<wp:post_name>door-shuts-plastics</wp:post_name>
		<wp:status>publish</wp:status>
		<wp:post_parent>0</wp:post_parent>
		<wp:menu_order>7</wp:menu_order>
		<wp:post_type>cbs_service</wp:post_type>
		<wp:post_password></wp:post_password>
		<wp:is_sticky>0</wp:is_sticky>
		<wp:postmeta>
			<wp:meta_key>_edit_last</wp:meta_key>
			<wp:meta_value><![CDATA[1]]></wp:meta_value>
		</wp:postmeta>
		<wp:postmeta>
			<wp:meta_key>cbs_base_price</wp:meta_key>
			<wp:meta_value><![CDATA[4.50]]></wp:meta_value>
		</wp:postmeta>
		<wp:postmeta>
			<wp:meta_key>cbs_base_duration</wp:meta_key>
			<wp:meta_value><![CDATA[5]]></wp:meta_value>
		</wp:postmeta>
	</item>
	<item>
		<title>Sealer Hand Wax</title>
		<link>http://quanticalabs.com/wp_plugins/car-wash-booking-system/?cbs_service=sealer-wax</link>
		<pubDate>Wed, 21 Oct 2015 21:05:16 +0000</pubDate>
		<dc:creator><![CDATA[admin]]></dc:creator>
		<guid isPermaLink="false">http://quanticalabs.com/wp_plugins/car-wash-booking-system/?post_type=cbs_service&#038;p=44</guid>
		<description></description>
		<content:encoded><![CDATA[]]></content:encoded>
		<excerpt:encoded><![CDATA[]]></excerpt:encoded>
		<wp:post_id>44</wp:post_id>
		<wp:post_date>2015-10-21 21:05:16</wp:post_date>
		<wp:post_date_gmt>2015-10-21 21:05:16</wp:post_date_gmt>
		<wp:comment_status>closed</wp:comment_status>
		<wp:ping_status>closed</wp:ping_status>
		<wp:post_name>sealer-wax</wp:post_name>
		<wp:status>publish</wp:status>
		<wp:post_parent>0</wp:post_parent>
		<wp:menu_order>10</wp:menu_order>
		<wp:post_type>cbs_service</wp:post_type>
		<wp:post_password></wp:post_password>
		<wp:is_sticky>0</wp:is_sticky>
		<wp:postmeta>
			<wp:meta_key>_edit_last</wp:meta_key>
			<wp:meta_value><![CDATA[1]]></wp:meta_value>
		</wp:postmeta>
		<wp:postmeta>
			<wp:meta_key>cbs_base_price</wp:meta_key>
			<wp:meta_value><![CDATA[4.95]]></wp:meta_value>
		</wp:postmeta>
		<wp:postmeta>
			<wp:meta_key>cbs_base_duration</wp:meta_key>
			<wp:meta_value><![CDATA[10]]></wp:meta_value>
		</wp:postmeta>
	</item>
	<item>
		<title>Tire Dressing</title>
		<link>http://quanticalabs.com/wp_plugins/car-wash-booking-system/?cbs_service=tire-shine</link>
		<pubDate>Wed, 21 Oct 2015 21:05:42 +0000</pubDate>
		<dc:creator><![CDATA[admin]]></dc:creator>
		<guid isPermaLink="false">http://quanticalabs.com/wp_plugins/car-wash-booking-system/?post_type=cbs_service&#038;p=45</guid>
		<description></description>
		<content:encoded><![CDATA[]]></content:encoded>
		<excerpt:encoded><![CDATA[]]></excerpt:encoded>
		<wp:post_id>45</wp:post_id>
		<wp:post_date>2015-10-21 21:05:42</wp:post_date>
		<wp:post_date_gmt>2015-10-21 21:05:42</wp:post_date_gmt>
		<wp:comment_status>closed</wp:comment_status>
		<wp:ping_status>closed</wp:ping_status>
		<wp:post_name>tire-shine</wp:post_name>
		<wp:status>publish</wp:status>
		<wp:post_parent>0</wp:post_parent>
		<wp:menu_order>3</wp:menu_order>
		<wp:post_type>cbs_service</wp:post_type>
		<wp:post_password></wp:post_password>
		<wp:is_sticky>0</wp:is_sticky>
		<wp:postmeta>
			<wp:meta_key>_edit_last</wp:meta_key>
			<wp:meta_value><![CDATA[1]]></wp:meta_value>
		</wp:postmeta>
		<wp:postmeta>
			<wp:meta_key>cbs_base_price</wp:meta_key>
			<wp:meta_value><![CDATA[2.50]]></wp:meta_value>
		</wp:postmeta>
		<wp:postmeta>
			<wp:meta_key>cbs_base_duration</wp:meta_key>
			<wp:meta_value><![CDATA[5]]></wp:meta_value>
		</wp:postmeta>
	</item>
	<item>
		<title>Engine Steam Clean</title>
		<link>http://quanticalabs.com/wp_plugins/car-wash-booking-system/?cbs_service=engine-bay-clean</link>
		<pubDate>Wed, 21 Oct 2015 21:11:25 +0000</pubDate>
		<dc:creator><![CDATA[admin]]></dc:creator>
		<guid isPermaLink="false">http://quanticalabs.com/wp_plugins/car-wash-booking-system/?post_type=cbs_service&#038;p=47</guid>
		<description></description>
		<content:encoded><![CDATA[]]></content:encoded>
		<excerpt:encoded><![CDATA[]]></excerpt:encoded>
		<wp:post_id>47</wp:post_id>
		<wp:post_date>2015-10-21 21:11:25</wp:post_date>
		<wp:post_date_gmt>2015-10-21 21:11:25</wp:post_date_gmt>
		<wp:comment_status>closed</wp:comment_status>
		<wp:ping_status>closed</wp:ping_status>
		<wp:post_name>engine-bay-clean</wp:post_name>
		<wp:status>publish</wp:status>
		<wp:post_parent>0</wp:post_parent>
		<wp:menu_order>14</wp:menu_order>
		<wp:post_type>cbs_service</wp:post_type>
		<wp:post_password></wp:post_password>
		<wp:is_sticky>0</wp:is_sticky>
		<wp:postmeta>
			<wp:meta_key>_edit_last</wp:meta_key>
			<wp:meta_value><![CDATA[1]]></wp:meta_value>
		</wp:postmeta>
		<wp:postmeta>
			<wp:meta_key>cbs_base_price</wp:meta_key>
			<wp:meta_value><![CDATA[39.95]]></wp:meta_value>
		</wp:postmeta>
		<wp:postmeta>
			<wp:meta_key>cbs_base_duration</wp:meta_key>
			<wp:meta_value><![CDATA[30]]></wp:meta_value>
		</wp:postmeta>
	</item>
	<item>
		<title>Trunk Vacuum</title>
		<link>http://quanticalabs.com/wp_plugins/car-wash-booking-system/?cbs_service=boot-vacuum</link>
		<pubDate>Wed, 21 Oct 2015 21:14:18 +0000</pubDate>
		<dc:creator><![CDATA[admin]]></dc:creator>
		<guid isPermaLink="false">http://quanticalabs.com/wp_plugins/car-wash-booking-system/?post_type=cbs_service&#038;p=50</guid>
		<description></description>
		<content:encoded><![CDATA[]]></content:encoded>
		<excerpt:encoded><![CDATA[]]></excerpt:encoded>
		<wp:post_id>50</wp:post_id>
		<wp:post_date>2015-10-21 21:14:18</wp:post_date>
		<wp:post_date_gmt>2015-10-21 21:14:18</wp:post_date_gmt>
		<wp:comment_status>closed</wp:comment_status>
		<wp:ping_status>closed</wp:ping_status>
		<wp:post_name>boot-vacuum</wp:post_name>
		<wp:status>publish</wp:status>
		<wp:post_parent>0</wp:post_parent>
		<wp:menu_order>6</wp:menu_order>
		<wp:post_type>cbs_service</wp:post_type>
		<wp:post_password></wp:post_password>
		<wp:is_sticky>0</wp:is_sticky>
		<wp:postmeta>
			<wp:meta_key>_edit_last</wp:meta_key>
			<wp:meta_value><![CDATA[1]]></wp:meta_value>
		</wp:postmeta>
		<wp:postmeta>
			<wp:meta_key>cbs_base_price</wp:meta_key>
			<wp:meta_value><![CDATA[3.50]]></wp:meta_value>
		</wp:postmeta>
		<wp:postmeta>
			<wp:meta_key>cbs_base_duration</wp:meta_key>
			<wp:meta_value><![CDATA[5]]></wp:meta_value>
		</wp:postmeta>
	</item>
	<item>
		<title>Air Freshener</title>
		<link>http://quanticalabs.com/wp_plugins/car-wash-booking-system/?cbs_service=air-freshener</link>
		<pubDate>Wed, 21 Oct 2015 21:14:53 +0000</pubDate>
		<dc:creator><![CDATA[admin]]></dc:creator>
		<guid isPermaLink="false">http://quanticalabs.com/wp_plugins/car-wash-booking-system/?post_type=cbs_service&#038;p=51</guid>
		<description></description>
		<content:encoded><![CDATA[]]></content:encoded>
		<excerpt:encoded><![CDATA[]]></excerpt:encoded>
		<wp:post_id>51</wp:post_id>
		<wp:post_date>2015-10-21 21:14:53</wp:post_date>
		<wp:post_date_gmt>2015-10-21 21:14:53</wp:post_date_gmt>
		<wp:comment_status>closed</wp:comment_status>
		<wp:ping_status>closed</wp:ping_status>
		<wp:post_name>air-freshener</wp:post_name>
		<wp:status>publish</wp:status>
		<wp:post_parent>0</wp:post_parent>
		<wp:menu_order>9</wp:menu_order>
		<wp:post_type>cbs_service</wp:post_type>
		<wp:post_password></wp:post_password>
		<wp:is_sticky>0</wp:is_sticky>
		<wp:postmeta>
			<wp:meta_key>_edit_last</wp:meta_key>
			<wp:meta_value><![CDATA[1]]></wp:meta_value>
		</wp:postmeta>
		<wp:postmeta>
			<wp:meta_key>cbs_base_price</wp:meta_key>
			<wp:meta_value><![CDATA[1.50]]></wp:meta_value>
		</wp:postmeta>
		<wp:postmeta>
			<wp:meta_key>cbs_base_duration</wp:meta_key>
			<wp:meta_value><![CDATA[0]]></wp:meta_value>
		</wp:postmeta>
	</item>
	<item>
		<title>Paint Protection</title>
		<link>http://quanticalabs.com/wp_plugins/car-wash-booking-system/?cbs_service=paint-protection</link>
		<pubDate>Wed, 21 Oct 2015 21:15:26 +0000</pubDate>
		<dc:creator><![CDATA[admin]]></dc:creator>
		<guid isPermaLink="false">http://quanticalabs.com/wp_plugins/car-wash-booking-system/?post_type=cbs_service&#038;p=52</guid>
		<description></description>
		<content:encoded><![CDATA[Paint Protection helps preserve a car’s original manufacturers paint. Using our high quality paint protectant can give your exterior the added strength, preserving it that glow and shine over many years to come.

&nbsp;]]></content:encoded>
		<excerpt:encoded><![CDATA[]]></excerpt:encoded>
		<wp:post_id>52</wp:post_id>
		<wp:post_date>2015-10-21 21:15:26</wp:post_date>
		<wp:post_date_gmt>2015-10-21 21:15:26</wp:post_date_gmt>
		<wp:comment_status>closed</wp:comment_status>
		<wp:ping_status>closed</wp:ping_status>
		<wp:post_name>paint-protection</wp:post_name>
		<wp:status>publish</wp:status>
		<wp:post_parent>0</wp:post_parent>
		<wp:menu_order>15</wp:menu_order>
		<wp:post_type>cbs_service</wp:post_type>
		<wp:post_password></wp:post_password>
		<wp:is_sticky>0</wp:is_sticky>
		<wp:postmeta>
			<wp:meta_key>_edit_last</wp:meta_key>
			<wp:meta_value><![CDATA[1]]></wp:meta_value>
		</wp:postmeta>
		<wp:postmeta>
			<wp:meta_key>cbs_base_price</wp:meta_key>
			<wp:meta_value><![CDATA[350.00]]></wp:meta_value>
		</wp:postmeta>
		<wp:postmeta>
			<wp:meta_key>cbs_base_duration</wp:meta_key>
			<wp:meta_value><![CDATA[180]]></wp:meta_value>
		</wp:postmeta>
	</item>
	<item>
		<title>Triple Coat Hand Wax</title>
		<link>http://quanticalabs.com/wp_plugins/car-wash-booking-system/?cbs_service=carnauba-hand-wax</link>
		<pubDate>Wed, 21 Oct 2015 21:17:51 +0000</pubDate>
		<dc:creator><![CDATA[admin]]></dc:creator>
		<guid isPermaLink="false">http://quanticalabs.com/wp_plugins/car-wash-booking-system/?post_type=cbs_service&#038;p=54</guid>
		<description></description>
		<content:encoded><![CDATA[]]></content:encoded>
		<excerpt:encoded><![CDATA[]]></excerpt:encoded>
		<wp:post_id>54</wp:post_id>
		<wp:post_date>2015-10-21 21:17:51</wp:post_date>
		<wp:post_date_gmt>2015-10-21 21:17:51</wp:post_date_gmt>
		<wp:comment_status>closed</wp:comment_status>
		<wp:ping_status>closed</wp:ping_status>
		<wp:post_name>carnauba-hand-wax</wp:post_name>
		<wp:status>publish</wp:status>
		<wp:post_parent>0</wp:post_parent>
		<wp:menu_order>11</wp:menu_order>
		<wp:post_type>cbs_service</wp:post_type>
		<wp:post_password></wp:post_password>
		<wp:is_sticky>0</wp:is_sticky>
		<wp:postmeta>
			<wp:meta_key>_edit_last</wp:meta_key>
			<wp:meta_value><![CDATA[1]]></wp:meta_value>
		</wp:postmeta>
		<wp:postmeta>
			<wp:meta_key>cbs_base_price</wp:meta_key>
			<wp:meta_value><![CDATA[17.95]]></wp:meta_value>
		</wp:postmeta>
		<wp:postmeta>
			<wp:meta_key>cbs_base_duration</wp:meta_key>
			<wp:meta_value><![CDATA[30]]></wp:meta_value>
		</wp:postmeta>
	</item>
	<item>
		<title>Exterior Vinyl Protectant</title>
		<link>http://quanticalabs.com/wp_plugins/car-wash-booking-system/?cbs_service=exterior-vinyl-protectant</link>
		<pubDate>Thu, 22 Oct 2015 13:25:46 +0000</pubDate>
		<dc:creator><![CDATA[admin]]></dc:creator>
		<guid isPermaLink="false">http://quanticalabs.com/wp_plugins/car-wash-booking-system/?post_type=cbs_service&#038;p=80</guid>
		<description></description>
		<content:encoded><![CDATA[]]></content:encoded>
		<excerpt:encoded><![CDATA[]]></excerpt:encoded>
		<wp:post_id>80</wp:post_id>
		<wp:post_date>2015-10-22 13:25:46</wp:post_date>
		<wp:post_date_gmt>2015-10-22 13:25:46</wp:post_date_gmt>
		<wp:comment_status>closed</wp:comment_status>
		<wp:ping_status>closed</wp:ping_status>
		<wp:post_name>exterior-vinyl-protectant</wp:post_name>
		<wp:status>publish</wp:status>
		<wp:post_parent>0</wp:post_parent>
		<wp:menu_order>12</wp:menu_order>
		<wp:post_type>cbs_service</wp:post_type>
		<wp:post_password></wp:post_password>
		<wp:is_sticky>0</wp:is_sticky>
		<wp:postmeta>
			<wp:meta_key>cbs_base_price</wp:meta_key>
			<wp:meta_value><![CDATA[5.25]]></wp:meta_value>
		</wp:postmeta>
		<wp:postmeta>
			<wp:meta_key>_edit_last</wp:meta_key>
			<wp:meta_value><![CDATA[1]]></wp:meta_value>
		</wp:postmeta>
		<wp:postmeta>
			<wp:meta_key>cbs_base_duration</wp:meta_key>
			<wp:meta_value><![CDATA[5]]></wp:meta_value>
		</wp:postmeta>
	</item>
	<item>
		<title>Rain-X Complete</title>
		<link>http://quanticalabs.com/wp_plugins/car-wash-booking-system/?cbs_service=rain-x-surface-protectant</link>
		<pubDate>Thu, 22 Oct 2015 13:27:24 +0000</pubDate>
		<dc:creator><![CDATA[admin]]></dc:creator>
		<guid isPermaLink="false">http://quanticalabs.com/wp_plugins/car-wash-booking-system/?post_type=cbs_service&#038;p=81</guid>
		<description></description>
		<content:encoded><![CDATA[Rain-X Complete is a surface protectant designed to add premium shine, protection and water repellency to glass, paint, trim and chrome. After 24 hours Rain-X Complete actually cures onto the surfaces of your vehicle for better adhesion and enhanced protection.]]></content:encoded>
		<excerpt:encoded><![CDATA[]]></excerpt:encoded>
		<wp:post_id>81</wp:post_id>
		<wp:post_date>2015-10-22 13:27:24</wp:post_date>
		<wp:post_date_gmt>2015-10-22 13:27:24</wp:post_date_gmt>
		<wp:comment_status>closed</wp:comment_status>
		<wp:ping_status>closed</wp:ping_status>
		<wp:post_name>rain-x-surface-protectant</wp:post_name>
		<wp:status>publish</wp:status>
		<wp:post_parent>0</wp:post_parent>
		<wp:menu_order>13</wp:menu_order>
		<wp:post_type>cbs_service</wp:post_type>
		<wp:post_password></wp:post_password>
		<wp:is_sticky>0</wp:is_sticky>
		<wp:postmeta>
			<wp:meta_key>_edit_last</wp:meta_key>
			<wp:meta_value><![CDATA[1]]></wp:meta_value>
		</wp:postmeta>
		<wp:postmeta>
			<wp:meta_key>cbs_base_price</wp:meta_key>
			<wp:meta_value><![CDATA[4.75]]></wp:meta_value>
		</wp:postmeta>
		<wp:postmeta>
			<wp:meta_key>cbs_base_duration</wp:meta_key>
			<wp:meta_value><![CDATA[5]]></wp:meta_value>
		</wp:postmeta>
	</item>
	<item>
		<title>Basic Hand Wash</title>
		<link>http://quanticalabs.com/wp_plugins/car-wash-booking-system/?cbs_package=basic-hand-wash</link>
		<pubDate>Wed, 21 Oct 2015 21:24:35 +0000</pubDate>
		<dc:creator><![CDATA[admin]]></dc:creator>
		<guid isPermaLink="false">http://quanticalabs.com/wp_plugins/car-wash-booking-system/?post_type=cbs_package&#038;p=55</guid>
		<description></description>
		<content:encoded><![CDATA[]]></content:encoded>
		<excerpt:encoded><![CDATA[]]></excerpt:encoded>
		<wp:post_id>55</wp:post_id>
		<wp:post_date>2015-10-21 21:24:35</wp:post_date>
		<wp:post_date_gmt>2015-10-21 21:24:35</wp:post_date_gmt>
		<wp:comment_status>closed</wp:comment_status>
		<wp:ping_status>closed</wp:ping_status>
		<wp:post_name>basic-hand-wash</wp:post_name>
		<wp:status>publish</wp:status>
		<wp:post_parent>0</wp:post_parent>
		<wp:menu_order>0</wp:menu_order>
		<wp:post_type>cbs_package</wp:post_type>
		<wp:post_password></wp:post_password>
		<wp:is_sticky>0</wp:is_sticky>
		<wp:postmeta>
			<wp:meta_key>_edit_last</wp:meta_key>
			<wp:meta_value><![CDATA[1]]></wp:meta_value>
		</wp:postmeta>
	</item>
	<item>
		<title>Deluxe Wash</title>
		<link>http://quanticalabs.com/wp_plugins/car-wash-booking-system/?cbs_package=custom-deluxe</link>
		<pubDate>Wed, 21 Oct 2015 21:27:33 +0000</pubDate>
		<dc:creator><![CDATA[admin]]></dc:creator>
		<guid isPermaLink="false">http://quanticalabs.com/wp_plugins/car-wash-booking-system/?post_type=cbs_package&#038;p=56</guid>
		<description></description>
		<content:encoded><![CDATA[]]></content:encoded>
		<excerpt:encoded><![CDATA[]]></excerpt:encoded>
		<wp:post_id>56</wp:post_id>
		<wp:post_date>2015-10-21 21:27:33</wp:post_date>
		<wp:post_date_gmt>2015-10-21 21:27:33</wp:post_date_gmt>
		<wp:comment_status>closed</wp:comment_status>
		<wp:ping_status>closed</wp:ping_status>
		<wp:post_name>custom-deluxe</wp:post_name>
		<wp:status>publish</wp:status>
		<wp:post_parent>0</wp:post_parent>
		<wp:menu_order>1</wp:menu_order>
		<wp:post_type>cbs_package</wp:post_type>
		<wp:post_password></wp:post_password>
		<wp:is_sticky>0</wp:is_sticky>
		<wp:postmeta>
			<wp:meta_key>_edit_last</wp:meta_key>
			<wp:meta_value><![CDATA[1]]></wp:meta_value>
		</wp:postmeta>
	</item>
	<item>
		<title>Ultimate Shine</title>
		<link>http://quanticalabs.com/wp_plugins/car-wash-booking-system/?cbs_package=ultimate-shine</link>
		<pubDate>Wed, 21 Oct 2015 21:28:51 +0000</pubDate>
		<dc:creator><![CDATA[admin]]></dc:creator>
		<guid isPermaLink="false">http://quanticalabs.com/wp_plugins/car-wash-booking-system/?post_type=cbs_package&#038;p=57</guid>
		<description></description>
		<content:encoded><![CDATA[]]></content:encoded>
		<excerpt:encoded><![CDATA[]]></excerpt:encoded>
		<wp:post_id>57</wp:post_id>
		<wp:post_date>2015-10-21 21:28:51</wp:post_date>
		<wp:post_date_gmt>2015-10-21 21:28:51</wp:post_date_gmt>
		<wp:comment_status>closed</wp:comment_status>
		<wp:ping_status>closed</wp:ping_status>
		<wp:post_name>ultimate-shine</wp:post_name>
		<wp:status>publish</wp:status>
		<wp:post_parent>0</wp:post_parent>
		<wp:menu_order>2</wp:menu_order>
		<wp:post_type>cbs_package</wp:post_type>
		<wp:post_password></wp:post_password>
		<wp:is_sticky>0</wp:is_sticky>
		<wp:postmeta>
			<wp:meta_key>_edit_last</wp:meta_key>
			<wp:meta_value><![CDATA[1]]></wp:meta_value>
		</wp:postmeta>
	</item>
	<item>
		<title>Platinum Works</title>
		<link>http://quanticalabs.com/wp_plugins/car-wash-booking-system/?cbs_package=platinum-hand-detail</link>
		<pubDate>Wed, 21 Oct 2015 21:29:56 +0000</pubDate>
		<dc:creator><![CDATA[admin]]></dc:creator>
		<guid isPermaLink="false">http://quanticalabs.com/wp_plugins/car-wash-booking-system/?post_type=cbs_package&#038;p=58</guid>
		<description></description>
		<content:encoded><![CDATA[]]></content:encoded>
		<excerpt:encoded><![CDATA[]]></excerpt:encoded>
		<wp:post_id>58</wp:post_id>
		<wp:post_date>2015-10-21 21:29:56</wp:post_date>
		<wp:post_date_gmt>2015-10-21 21:29:56</wp:post_date_gmt>
		<wp:comment_status>closed</wp:comment_status>
		<wp:ping_status>closed</wp:ping_status>
		<wp:post_name>platinum-hand-detail</wp:post_name>
		<wp:status>publish</wp:status>
		<wp:post_parent>0</wp:post_parent>
		<wp:menu_order>3</wp:menu_order>
		<wp:post_type>cbs_package</wp:post_type>
		<wp:post_password></wp:post_password>
		<wp:is_sticky>0</wp:is_sticky>
		<wp:postmeta>
			<wp:meta_key>_edit_last</wp:meta_key>
			<wp:meta_value><![CDATA[1]]></wp:meta_value>
		</wp:postmeta>
	</item>
    <item>
		<title>Auto Draft</title>
		<link>http://quanticalabs.com/wp_plugins/car-wash-booking-system/?cbs_coupon=auto-draft</link>
		<pubDate>Tue, 03 Oct 2017 12:50:43 +0000</pubDate>
		<dc:creator><![CDATA[admin]]></dc:creator>
		<guid isPermaLink="false">http://quanticalabs.com/wp_plugins/car-wash-booking-system/?post_type=cbs_coupon&#038;p=2208</guid>
		<description></description>
		<content:encoded><![CDATA[]]></content:encoded>
		<excerpt:encoded><![CDATA[]]></excerpt:encoded>
		<wp:post_id>2208</wp:post_id>
		<wp:post_date><![CDATA[2017-10-03 12:50:43]]></wp:post_date>
		<wp:post_date_gmt><![CDATA[2017-10-03 12:50:43]]></wp:post_date_gmt>
		<wp:comment_status><![CDATA[closed]]></wp:comment_status>
		<wp:ping_status><![CDATA[closed]]></wp:ping_status>
		<wp:post_name><![CDATA[auto-draft]]></wp:post_name>
		<wp:status><![CDATA[publish]]></wp:status>
		<wp:post_parent>0</wp:post_parent>
		<wp:menu_order>0</wp:menu_order>
		<wp:post_type><![CDATA[cbs_coupon]]></wp:post_type>
		<wp:post_password><![CDATA[]]></wp:post_password>
		<wp:is_sticky>0</wp:is_sticky>
		<wp:postmeta>
			<wp:meta_key><![CDATA[cbs_minimal_price]]></wp:meta_key>
			<wp:meta_value><![CDATA[0]]></wp:meta_value>
		</wp:postmeta>
		<wp:postmeta>
			<wp:meta_key><![CDATA[cbs_deduction]]></wp:meta_key>
			<wp:meta_value><![CDATA[0]]></wp:meta_value>
		</wp:postmeta>
		<wp:postmeta>
			<wp:meta_key><![CDATA[cbs_discount]]></wp:meta_key>
			<wp:meta_value><![CDATA[10]]></wp:meta_value>
		</wp:postmeta>
		<wp:postmeta>
			<wp:meta_key><![CDATA[cbs_usage_limit]]></wp:meta_key>
			<wp:meta_value><![CDATA[]]></wp:meta_value>
		</wp:postmeta>
		<wp:postmeta>
			<wp:meta_key><![CDATA[cbs_coupon_location]]></wp:meta_key>
			<wp:meta_value><![CDATA[213]]></wp:meta_value>
		</wp:postmeta>
		<wp:postmeta>
			<wp:meta_key><![CDATA[cbs_coupon_code]]></wp:meta_key>
			<wp:meta_value><![CDATA[8UCEEGOTAOYQ]]></wp:meta_value>
		</wp:postmeta>
		<wp:postmeta>
			<wp:meta_key><![CDATA[_edit_last]]></wp:meta_key>
			<wp:meta_value><![CDATA[1]]></wp:meta_value>
		</wp:postmeta>
		<wp:postmeta>
			<wp:meta_key><![CDATA[cbs_date_active_stop]]></wp:meta_key>
			<wp:meta_value><![CDATA[]]></wp:meta_value>
		</wp:postmeta>
		<wp:postmeta>
			<wp:meta_key><![CDATA[cbs_date_active_start]]></wp:meta_key>
			<wp:meta_value><![CDATA[]]></wp:meta_value>
		</wp:postmeta>
	</item>
</channel>
</rss>
